type,mean_gb,std_gb,mean_min,std_min,mean_sms,std_sms,mean_roam_gb,std_roam_gb,n_users,n_user_months,data,discount,one_off,premium_sms,roaming,tax,vas,voice,sms,avg_bill_total
corporate,9.894815229598107,3.8827486350012874,714.8741157593245,492.9683469435938,7.666666666666667,3.8994453142549967,0.19662837455217153,0.42444311774026283,12,48,19.2962004611801,-2.2027083333333333,475.72625,2.1666666666666665,10.067372777071181,103.75393310757114,15.462499999999999,55.41799958158842,0.0,680.1641666666667
retail,11.552406354447054,6.884189249118885,693.6671560305512,401.57427694425775,9.12037037037037,6.090773768183206,0.13759596723456685,0.36150107482753785,27,108,34.427877709985445,-2.9494444444444445,498.7150925925926,3.935185185185185,7.044913522409824,109.4310326412603,8.624074074074073,60.10331603386565,0.0,717.3808333333334
tourist,26.986157246993642,10.157926992450493,277.55918940982366,57.94617767615496,6.833333333333333,3.2427074359478554,0.11510480246894918,0.3012051056502889,3,12,321.79207738289284,0.0,445.6666666666667,3.75,5.893365886410197,142.86637978847455,16.599999999999998,0.0,0.0,936.5666666666667
youth,16.320099489046605,4.205131148723711,427.15638523245036,308.47525423737613,7.972222222222222,5.5436100055454585,0.16022205694397307,0.3449741589264319,18,72,30.045015337692647,-1.051111111111111,512.9927777777779,4.083333333333333,8.203369315531422,106.00559023785306,7.469444444444444,32.3410055570707,0.0,694.9248611111111
